﻿<?xml version="1.0" encoding="utf-8"?>
<abapGit version="v1.0.0" serializer="LCL_OBJECT_PROG" serializer_version="v1.0.0">
 <asx:abap xmlns:asx="http://www.sap.com/abapxml" version="1.0">
  <asx:values>
   <PROGDIR>
    <NAME>Z_CA_TELEMETRY_PING</NAME>
    <SUBC>1</SUBC>
    <APPL>*</APPL>
    <SECU>ZTELMTRY</SECU>
    <RSTAT>K</RSTAT>
    <RLOAD>E</RLOAD>
    <FIXPT>X</FIXPT>
    <UCCHECK>X</UCCHECK>
   </PROGDIR>
   <TPOOL>
    <item>
     <ID>I</ID>
     <KEY>001</KEY>
     <ENTRY>Event 1 = BPE /    2  = Event /    4 = Metric</ENTRY>
     <LENGTH>90</LENGTH>
    </item>
    <item>
     <ID>I</ID>
     <KEY>002</KEY>
     <ENTRY>Please enter Event 1 = BPE,  2  = Event,   4 = Metric</ENTRY>
     <LENGTH>106</LENGTH>
    </item>
    <item>
     <ID>I</ID>
     <KEY>003</KEY>
     <ENTRY>Telemetry Event Type</ENTRY>
     <LENGTH>40</LENGTH>
    </item>
    <item>
     <ID>I</ID>
     <KEY>004</KEY>
     <ENTRY>Telemetry ping dispatched to Hub for GUID:</ENTRY>
     <LENGTH>84</LENGTH>
    </item>
    <item>
     <ID>R</ID>
     <ENTRY>Program to ping AI with dummy telemetry via Telemetry Hub</ENTRY>
     <LENGTH>57</LENGTH>
    </item>
    <item>
     <ID>S</ID>
     <KEY>P_EVENT</KEY>
     <ENTRY>Event Hub: EventType</ENTRY>
     <LENGTH>28</LENGTH>
    </item>
    <item>
     <ID>S</ID>
     <KEY>P_IF_ID</KEY>
     <ENTRY>REST Framework Interface ID</ENTRY>
     <LENGTH>35</LENGTH>
    </item>
   </TPOOL>
  </asx:values>
 </asx:abap>
</abapGit>
