﻿<?xml version="1.0" encoding="utf-8"?>
<abapGit version="v1.0.0" serializer="LCL_OBJECT_DTEL" serializer_version="v1.0.0">
 <asx:abap xmlns:asx="http://www.sap.com/abapxml" version="1.0">
  <asx:values>
   <DD04V>
    <ROLLNAME>Z_TELEM_EVENT_TYPE</ROLLNAME>
    <DDLANGUAGE>E</DDLANGUAGE>
    <DOMNAME>Z_TELEM_EVENT_TYPE</DOMNAME>
    <HEADLEN>20</HEADLEN>
    <SCRLEN1>09</SCRLEN1>
    <SCRLEN2>20</SCRLEN2>
    <SCRLEN3>20</SCRLEN3>
    <DDTEXT>Event Hub: EventType</DDTEXT>
    <REPTEXT>Event Hub: EventType</REPTEXT>
    <SCRTEXT_S>EventType</SCRTEXT_S>
    <SCRTEXT_M>Event Hub: EventType</SCRTEXT_M>
    <SCRTEXT_L>Event Hub: EventType</SCRTEXT_L>
    <DTELMASTER>E</DTELMASTER>
    <REFKIND>D</REFKIND>
   </DD04V>
  </asx:values>
 </asx:abap>
</abapGit>
