﻿<?xml version="1.0" encoding="utf-8"?>
<abapGit version="v1.0.0" serializer="LCL_OBJECT_DTEL" serializer_version="v1.0.0">
 <asx:abap xmlns:asx="http://www.sap.com/abapxml" version="1.0">
  <asx:values>
   <DD04V>
    <ROLLNAME>Z_TELEM_COMPONENT_NAME</ROLLNAME>
    <DDLANGUAGE>E</DDLANGUAGE>
    <DOMNAME>CHAR50S</DOMNAME>
    <HEADLEN>24</HEADLEN>
    <SCRLEN1>09</SCRLEN1>
    <SCRLEN2>19</SCRLEN2>
    <SCRLEN3>24</SCRLEN3>
    <DDTEXT>Event Hub: ComponentName</DDTEXT>
    <REPTEXT>Event Hub: ComponentName</REPTEXT>
    <SCRTEXT_S>Comp.Name</SCRTEXT_S>
    <SCRTEXT_M>Event ComponentName</SCRTEXT_M>
    <SCRTEXT_L>Event Hub: ComponentName</SCRTEXT_L>
    <DTELMASTER>E</DTELMASTER>
    <REFKIND>D</REFKIND>
   </DD04V>
  </asx:values>
 </asx:abap>
</abapGit>
