﻿<?xml version="1.0" encoding="utf-8"?>
<abapGit version="v1.0.0" serializer="LCL_OBJECT_FUGR" serializer_version="v1.0.0">
 <asx:abap xmlns:asx="http://www.sap.com/abapxml" version="1.0">
  <asx:values>
   <AREAT>Call ZCl_TELEMETRY_API</AREAT>
   <INCLUDES>
    <SOBJ_NAME>LZ_TELEMETRY_APITOP</SOBJ_NAME>
    <SOBJ_NAME>SAPLZ_TELEMETRY_API</SOBJ_NAME>
   </INCLUDES>
   <FUNCTIONS>
    <item>
     <FUNCNAME>Z_TELEMETRY_API</FUNCNAME>
     <REMOTE_CALL>R</REMOTE_CALL>
     <SHORT_TEXT>Call ZCL_TELEMETRY_API</SHORT_TEXT>
     <IMPORT>
      <RSIMP>
       <PARAMETER>IM_INTERFACE_ID</PARAMETER>
       <OPTIONAL>X</OPTIONAL>
       <TYP>ZINTERFACE_ID</TYP>
      </RSIMP>
      <RSIMP>
       <PARAMETER>IM_PROPERTIES</PARAMETER>
       <OPTIONAL>X</OPTIONAL>
       <TYP>STRING</TYP>
      </RSIMP>
      <RSIMP>
       <PARAMETER>IM_METRICS</PARAMETER>
       <OPTIONAL>X</OPTIONAL>
       <TYP>STRING</TYP>
      </RSIMP>
      <RSIMP>
       <PARAMETER>IM_CALLING_PROGNAME</PARAMETER>
       <OPTIONAL>X</OPTIONAL>
       <TYP>SYS_CALLS-PROGNAME</TYP>
      </RSIMP>
      <RSIMP>
       <PARAMETER>IM_CALLING_EVENT</PARAMETER>
       <OPTIONAL>X</OPTIONAL>
       <TYP>SYS_CALLS-EVENTNAME</TYP>
      </RSIMP>
      <RSIMP>
       <PARAMETER>IM_BUSINESSID</PARAMETER>
       <OPTIONAL>X</OPTIONAL>
       <TYP>ZBUSINESSID</TYP>
      </RSIMP>
      <RSIMP>
       <PARAMETER>IM_APPSTANDARD</PARAMETER>
       <OPTIONAL>X</OPTIONAL>
       <TYP>ZTELEM_APPSTANDARD</TYP>
      </RSIMP>
     </IMPORT>
     <EXCEPTION>
      <RSEXC>
       <EXCEPTION>NO_RFC_CALL_ALLOWED</EXCEPTION>
      </RSEXC>
      <RSEXC>
       <EXCEPTION>TELEMETRY_ASYNC_RFC_FAILED</EXCEPTION>
      </RSEXC>
      <RSEXC>
       <EXCEPTION>NO_RFC_AUTHORIZATION</EXCEPTION>
      </RSEXC>
     </EXCEPTION>
     <DOCUMENTATION>
      <RSFDO>
       <PARAMETER>IM_INTERFACE_ID</PARAMETER>
       <KIND>P</KIND>
       <STEXT>Interface ID</STEXT>
       <INDEX> 001</INDEX>
      </RSFDO>
      <RSFDO>
       <PARAMETER>IM_PROPERTIES</PARAMETER>
       <KIND>P</KIND>
       <INDEX> 002</INDEX>
      </RSFDO>
      <RSFDO>
       <PARAMETER>IM_METRICS</PARAMETER>
       <KIND>P</KIND>
       <INDEX> 003</INDEX>
      </RSFDO>
      <RSFDO>
       <PARAMETER>IM_CALLING_PROGNAME</PARAMETER>
       <KIND>P</KIND>
       <STEXT>Program</STEXT>
       <INDEX> 004</INDEX>
      </RSFDO>
      <RSFDO>
       <PARAMETER>IM_CALLING_EVENT</PARAMETER>
       <KIND>P</KIND>
       <STEXT>Name of an event, module, subroutine...</STEXT>
       <INDEX> 005</INDEX>
      </RSFDO>
      <RSFDO>
       <PARAMETER>IM_BUSINESSID</PARAMETER>
       <KIND>P</KIND>
       <STEXT>Business Identifier</STEXT>
       <INDEX> 006</INDEX>
      </RSFDO>
      <RSFDO>
       <PARAMETER>IM_APPSTANDARD</PARAMETER>
       <KIND>P</KIND>
       <STEXT>Application Standard Fields for Telemetry Hub Calls</STEXT>
       <INDEX> 007</INDEX>
      </RSFDO>
      <RSFDO>
       <PARAMETER>NO_RFC_CALL_ALLOWED</PARAMETER>
       <KIND>X</KIND>
       <STEXT>Quit if RFC is called from outside the system</STEXT>
       <INDEX> 008</INDEX>
      </RSFDO>
      <RSFDO>
       <PARAMETER>TELEMETRY_ASYNC_RFC_FAILED</PARAMETER>
       <KIND>X</KIND>
       <STEXT>Telemetry API call failed</STEXT>
       <INDEX> 009</INDEX>
      </RSFDO>
      <RSFDO>
       <PARAMETER>NO_RFC_AUTHORIZATION</PARAMETER>
       <KIND>X</KIND>
       <STEXT>Not authorized to call RFC</STEXT>
       <INDEX> 010</INDEX>
      </RSFDO>
     </DOCUMENTATION>
    </item>
   </FUNCTIONS>
  </asx:values>
 </asx:abap>
</abapGit>
