﻿<?xml version="1.0" encoding="utf-8"?>
<abapGit version="v1.0.0" serializer="LCL_OBJECT_DTEL" serializer_version="v1.0.0">
 <asx:abap xmlns:asx="http://www.sap.com/abapxml" version="1.0">
  <asx:values>
   <DD04V>
    <ROLLNAME>Z_TELEM_REST_ASYNC</ROLLNAME>
    <DDLANGUAGE>E</DDLANGUAGE>
    <DOMNAME>Z_TELEM_REST_ASYNC</DOMNAME>
    <HEADLEN>55</HEADLEN>
    <SCRLEN1>10</SCRLEN1>
    <SCRLEN2>20</SCRLEN2>
    <SCRLEN3>40</SCRLEN3>
    <DDTEXT>REST Async - Blank = sync, 1 = Async task, 2 = Asyn Frmwk</DDTEXT>
    <REPTEXT>REST Async - Blank = sync, 1 = Async task, 2 = Asyn Frm</REPTEXT>
    <SCRTEXT_S>Async Type</SCRTEXT_S>
    <SCRTEXT_M>REST Async Indicator</SCRTEXT_M>
    <SCRTEXT_L>REST Async Indicator</SCRTEXT_L>
    <DTELMASTER>E</DTELMASTER>
    <REFKIND>D</REFKIND>
   </DD04V>
  </asx:values>
 </asx:abap>
</abapGit>
