﻿<?xml version="1.0" encoding="utf-8"?>
<abapGit version="v1.0.0" serializer="LCL_OBJECT_DTEL" serializer_version="v1.0.0">
 <asx:abap xmlns:asx="http://www.sap.com/abapxml" version="1.0">
  <asx:values>
   <DD04V>
    <ROLLNAME>Z_TELEM_SERV_CAPABILITY</ROLLNAME>
    <DDLANGUAGE>E</DDLANGUAGE>
    <DOMNAME>TEXT50</DOMNAME>
    <HEADLEN>50</HEADLEN>
    <SCRLEN1>10</SCRLEN1>
    <SCRLEN2>18</SCRLEN2>
    <SCRLEN3>20</SCRLEN3>
    <DDTEXT>Service Capability</DDTEXT>
    <REPTEXT>Service Capability</REPTEXT>
    <SCRTEXT_S>Serv Capbl</SCRTEXT_S>
    <SCRTEXT_M>Service Capability</SCRTEXT_M>
    <SCRTEXT_L>Service Capability</SCRTEXT_L>
    <DTELMASTER>E</DTELMASTER>
    <REFKIND>D</REFKIND>
   </DD04V>
  </asx:values>
 </asx:abap>
</abapGit>
