﻿<?xml version="1.0" encoding="utf-8"?>
<abapGit version="v1.0.0" serializer="LCL_OBJECT_CLAS" serializer_version="v1.0.0">
 <asx:abap xmlns:asx="http://www.sap.com/abapxml" version="1.0">
  <asx:values>
   <VSEOCLASS>
    <CLSNAME>ZCL_TELEMETRY_BATCHJOB</CLSNAME>
    <LANGU>E</LANGU>
    <DESCRIPT>Batchjob Telemetry</DESCRIPT>
    <STATE>1</STATE>
    <CLSCCINCL>X</CLSCCINCL>
    <FIXPT>X</FIXPT>
    <UNICODE>X</UNICODE>
    <WITH_UNIT_TESTS>X</WITH_UNIT_TESTS>
   </VSEOCLASS>
   <TPOOL>
    <item>
     <ID>I</ID>
     <KEY>001</KEY>
     <ENTRY>Unclassified</ENTRY>
     <LENGTH>22</LENGTH>
    </item>
    <item>
     <ID>I</ID>
     <KEY>002</KEY>
     <ENTRY>Finished</ENTRY>
     <LENGTH>18</LENGTH>
    </item>
    <item>
     <ID>I</ID>
     <KEY>003</KEY>
     <ENTRY>Active</ENTRY>
     <LENGTH>16</LENGTH>
    </item>
    <item>
     <ID>I</ID>
     <KEY>004</KEY>
     <ENTRY>Released</ENTRY>
     <LENGTH>18</LENGTH>
    </item>
    <item>
     <ID>I</ID>
     <KEY>005</KEY>
     <ENTRY>Unknown</ENTRY>
     <LENGTH>17</LENGTH>
    </item>
    <item>
     <ID>I</ID>
     <KEY>006</KEY>
     <ENTRY>Canceled</ENTRY>
     <LENGTH>18</LENGTH>
    </item>
   </TPOOL>
   <DESCRIPTIONS>
    <SEOCOMPOTX>
     <CLSNAME>ZCL_TELEMETRY_BATCHJOB</CLSNAME>
     <CMPNAME>BUILD_JOBLIST</CMPNAME>
     <LANGU>E</LANGU>
     <DESCRIPT>Build Batchjob list</DESCRIPT>
    </SEOCOMPOTX>
    <SEOCOMPOTX>
     <CLSNAME>ZCL_TELEMETRY_BATCHJOB</CLSNAME>
     <CMPNAME>CALC_TIME</CMPNAME>
     <LANGU>E</LANGU>
     <DESCRIPT>Calculate time</DESCRIPT>
    </SEOCOMPOTX>
    <SEOCOMPOTX>
     <CLSNAME>ZCL_TELEMETRY_BATCHJOB</CLSNAME>
     <CMPNAME>DELETE_JOB_CONFIG</CMPNAME>
     <LANGU>E</LANGU>
     <DESCRIPT>Delete joblist</DESCRIPT>
    </SEOCOMPOTX>
    <SEOCOMPOTX>
     <CLSNAME>ZCL_TELEMETRY_BATCHJOB</CLSNAME>
     <CMPNAME>GET_EVENTS</CMPNAME>
     <LANGU>E</LANGU>
     <DESCRIPT>Get events</DESCRIPT>
    </SEOCOMPOTX>
    <SEOCOMPOTX>
     <CLSNAME>ZCL_TELEMETRY_BATCHJOB</CLSNAME>
     <CMPNAME>GET_JOB</CMPNAME>
     <LANGU>E</LANGU>
     <DESCRIPT>Get background job details</DESCRIPT>
    </SEOCOMPOTX>
    <SEOCOMPOTX>
     <CLSNAME>ZCL_TELEMETRY_BATCHJOB</CLSNAME>
     <CMPNAME>GET_JOB_CONFIG</CMPNAME>
     <LANGU>E</LANGU>
     <DESCRIPT>Get batchjob config</DESCRIPT>
    </SEOCOMPOTX>
    <SEOCOMPOTX>
     <CLSNAME>ZCL_TELEMETRY_BATCHJOB</CLSNAME>
     <CMPNAME>GET_JOB_STEP</CMPNAME>
     <LANGU>E</LANGU>
     <DESCRIPT>Get background job steps</DESCRIPT>
    </SEOCOMPOTX>
    <SEOCOMPOTX>
     <CLSNAME>ZCL_TELEMETRY_BATCHJOB</CLSNAME>
     <CMPNAME>JOB_STEP_TELEMETRY</CMPNAME>
     <LANGU>E</LANGU>
     <DESCRIPT>Send background job telemetry</DESCRIPT>
    </SEOCOMPOTX>
    <SEOCOMPOTX>
     <CLSNAME>ZCL_TELEMETRY_BATCHJOB</CLSNAME>
     <CMPNAME>JOB_TELEMETRY</CMPNAME>
     <LANGU>E</LANGU>
     <DESCRIPT>Send background job telemetry</DESCRIPT>
    </SEOCOMPOTX>
    <SEOCOMPOTX>
     <CLSNAME>ZCL_TELEMETRY_BATCHJOB</CLSNAME>
     <CMPNAME>SAVE_JOB_CONFIG</CMPNAME>
     <LANGU>E</LANGU>
     <DESCRIPT>Save job config</DESCRIPT>
    </SEOCOMPOTX>
    <SEOCOMPOTX>
     <CLSNAME>ZCL_TELEMETRY_BATCHJOB</CLSNAME>
     <CMPNAME>TIME_DIFF</CMPNAME>
     <LANGU>E</LANGU>
     <DESCRIPT>Time difference</DESCRIPT>
    </SEOCOMPOTX>
   </DESCRIPTIONS>
  </asx:values>
 </asx:abap>
</abapGit>
