﻿<?xml version="1.0" encoding="utf-8"?>
<abapGit version="v1.0.0" serializer="LCL_OBJECT_CLAS" serializer_version="v1.0.0">
 <asx:abap xmlns:asx="http://www.sap.com/abapxml" version="1.0">
  <asx:values>
   <VSEOCLASS>
    <CLSNAME>ZCL_TELEMETRY_DESTINATION</CLSNAME>
    <LANGU>E</LANGU>
    <DESCRIPT>Shared Memory handling for ASYNC telemetry</DESCRIPT>
    <STATE>1</STATE>
    <CLSCCINCL>X</CLSCCINCL>
    <FIXPT>X</FIXPT>
    <UNICODE>X</UNICODE>
    <CLSSHAREDMEMORY>X</CLSSHAREDMEMORY>
   </VSEOCLASS>
   <DESCRIPTIONS>
    <SEOCOMPOTX>
     <CLSNAME>ZCL_TELEMETRY_DESTINATION</CLSNAME>
     <CMPNAME>GET_DESTINATION</CMPNAME>
     <LANGU>E</LANGU>
     <DESCRIPT>Return value of attribute DESTINATION_GROUP to calling proc.</DESCRIPT>
    </SEOCOMPOTX>
    <SEOCOMPOTX>
     <CLSNAME>ZCL_TELEMETRY_DESTINATION</CLSNAME>
     <CMPNAME>SET_DESTINATION</CMPNAME>
     <LANGU>E</LANGU>
     <DESCRIPT>Assign provided value to attribute DESTINATION_GROUP</DESCRIPT>
    </SEOCOMPOTX>
   </DESCRIPTIONS>
  </asx:values>
 </asx:abap>
</abapGit>
