﻿<?xml version="1.0" encoding="utf-8"?>
<abapGit version="v1.0.0" serializer="LCL_OBJECT_TABL" serializer_version="v1.0.0">
 <asx:abap xmlns:asx="http://www.sap.com/abapxml" version="1.0">
  <asx:values>
   <DD02V>
    <TABNAME>ZTELEM_CONFIG</TABNAME>
    <DDLANGUAGE>E</DDLANGUAGE>
    <TABCLASS>TRANSP</TABCLASS>
    <CLIDEP>X</CLIDEP>
    <DDTEXT>Config for Application Standard Fields for Telemetry</DDTEXT>
    <MAINFLAG>X</MAINFLAG>
    <CONTFLAG>C</CONTFLAG>
    <EXCLASS>1</EXCLASS>
   </DD02V>
   <DD09L>
    <TABNAME>ZTELEM_CONFIG</TABNAME>
    <AS4LOCAL>A</AS4LOCAL>
    <TABKAT>0</TABKAT>
    <TABART>APPL0</TABART>
    <BUFALLOW>N</BUFALLOW>
   </DD09L>
   <DD03P_TABLE>
    <DD03P>
     <TABNAME>ZTELEM_CONFIG</TABNAME>
     <FIELDNAME>MANDT</FIELDNAME>
     <POSITION>0001</POSITION>
     <KEYFLAG>X</KEYFLAG>
     <ROLLNAME>MANDT</ROLLNAME>
     <ADMINFIELD>0</ADMINFIELD>
     <NOTNULL>X</NOTNULL>
     <COMPTYPE>E</COMPTYPE>
    </DD03P>
    <DD03P>
     <TABNAME>ZTELEM_CONFIG</TABNAME>
     <FIELDNAME>TELEMETRY_ID</FIELDNAME>
     <POSITION>0002</POSITION>
     <KEYFLAG>X</KEYFLAG>
     <ROLLNAME>Z_TELEMETRY_ID</ROLLNAME>
     <ADMINFIELD>0</ADMINFIELD>
     <NOTNULL>X</NOTNULL>
     <COMPTYPE>E</COMPTYPE>
    </DD03P>
    <DD03P>
     <TABNAME>ZTELEM_CONFIG</TABNAME>
     <FIELDNAME>EVENT_NAME</FIELDNAME>
     <POSITION>0003</POSITION>
     <ROLLNAME>Z_TELEM_EVENT_NAME</ROLLNAME>
     <ADMINFIELD>0</ADMINFIELD>
     <COMPTYPE>E</COMPTYPE>
    </DD03P>
    <DD03P>
     <TABNAME>ZTELEM_CONFIG</TABNAME>
     <FIELDNAME>SAP_COMPONENT_TYPE</FIELDNAME>
     <POSITION>0004</POSITION>
     <ROLLNAME>Z_TELEM_COMPONENT_TYPE</ROLLNAME>
     <ADMINFIELD>0</ADMINFIELD>
     <COMPTYPE>E</COMPTYPE>
    </DD03P>
    <DD03P>
     <TABNAME>ZTELEM_CONFIG</TABNAME>
     <FIELDNAME>EVENT_TYPE</FIELDNAME>
     <POSITION>0005</POSITION>
     <ROLLNAME>Z_TELEM_EVENT_TYPE</ROLLNAME>
     <ADMINFIELD>0</ADMINFIELD>
     <VALEXI>X</VALEXI>
     <SHLPORIGIN>F</SHLPORIGIN>
     <COMPTYPE>E</COMPTYPE>
    </DD03P>
    <DD03P>
     <TABNAME>ZTELEM_CONFIG</TABNAME>
     <FIELDNAME>BUSINESS_PROCESS_NAME</FIELDNAME>
     <POSITION>0006</POSITION>
     <ROLLNAME>Z_TELEM_BUSINESS_PROCESS_NAME</ROLLNAME>
     <ADMINFIELD>0</ADMINFIELD>
     <COMPTYPE>E</COMPTYPE>
    </DD03P>
    <DD03P>
     <TABNAME>ZTELEM_CONFIG</TABNAME>
     <FIELDNAME>XCV</FIELDNAME>
     <POSITION>0007</POSITION>
     <ROLLNAME>Z_TELEM_XCV</ROLLNAME>
     <ADMINFIELD>0</ADMINFIELD>
     <COMPTYPE>E</COMPTYPE>
    </DD03P>
    <DD03P>
     <TABNAME>ZTELEM_CONFIG</TABNAME>
     <FIELDNAME>TARGET_ENTITY_KEY</FIELDNAME>
     <POSITION>0008</POSITION>
     <ROLLNAME>Z_TELEM_TARGET_ENTITY_KEY</ROLLNAME>
     <ADMINFIELD>0</ADMINFIELD>
     <COMPTYPE>E</COMPTYPE>
    </DD03P>
    <DD03P>
     <TABNAME>ZTELEM_CONFIG</TABNAME>
     <FIELDNAME>CAPABILITY</FIELDNAME>
     <POSITION>0009</POSITION>
     <ROLLNAME>Z_TELEM_CAPABILITY</ROLLNAME>
     <ADMINFIELD>0</ADMINFIELD>
     <COMPTYPE>E</COMPTYPE>
    </DD03P>
    <DD03P>
     <TABNAME>ZTELEM_CONFIG</TABNAME>
     <FIELDNAME>COMPONENT_NAME</FIELDNAME>
     <POSITION>0010</POSITION>
     <ROLLNAME>Z_TELEM_COMPONENT_NAME</ROLLNAME>
     <ADMINFIELD>0</ADMINFIELD>
     <COMPTYPE>E</COMPTYPE>
    </DD03P>
    <DD03P>
     <TABNAME>ZTELEM_CONFIG</TABNAME>
     <FIELDNAME>BUSINESS_COMPONENT_NAME</FIELDNAME>
     <POSITION>0011</POSITION>
     <ROLLNAME>Z_TELEM_BUSINESSCOMPONENT_NAME</ROLLNAME>
     <ADMINFIELD>0</ADMINFIELD>
     <COMPTYPE>E</COMPTYPE>
    </DD03P>
    <DD03P>
     <TABNAME>ZTELEM_CONFIG</TABNAME>
     <FIELDNAME>ACTION</FIELDNAME>
     <POSITION>0012</POSITION>
     <ROLLNAME>Z_TELEM_ACTION</ROLLNAME>
     <ADMINFIELD>0</ADMINFIELD>
     <COMPTYPE>E</COMPTYPE>
    </DD03P>
    <DD03P>
     <TABNAME>ZTELEM_CONFIG</TABNAME>
     <FIELDNAME>REST_INTERFACE_ID</FIELDNAME>
     <POSITION>0013</POSITION>
     <ROLLNAME>ZINTERFACE_ID</ROLLNAME>
     <ADMINFIELD>0</ADMINFIELD>
     <COMPTYPE>E</COMPTYPE>
    </DD03P>
    <DD03P>
     <TABNAME>ZTELEM_CONFIG</TABNAME>
     <FIELDNAME>REST_BUSINESSID</FIELDNAME>
     <POSITION>0014</POSITION>
     <ROLLNAME>ZBUSINESSID</ROLLNAME>
     <ADMINFIELD>0</ADMINFIELD>
     <COMPTYPE>E</COMPTYPE>
    </DD03P>
    <DD03P>
     <TABNAME>ZTELEM_CONFIG</TABNAME>
     <FIELDNAME>REST_ASYNC</FIELDNAME>
     <POSITION>0015</POSITION>
     <ROLLNAME>Z_TELEM_REST_ASYNC</ROLLNAME>
     <ADMINFIELD>0</ADMINFIELD>
     <VALEXI>X</VALEXI>
     <SHLPORIGIN>F</SHLPORIGIN>
     <COMPTYPE>E</COMPTYPE>
    </DD03P>
    <DD03P>
     <TABNAME>ZTELEM_CONFIG</TABNAME>
     <FIELDNAME>REST_CNTRL</FIELDNAME>
     <POSITION>0016</POSITION>
     <ROLLNAME>Z_TELEM_REST_CNTRL</ROLLNAME>
     <ADMINFIELD>0</ADMINFIELD>
     <VALEXI>X</VALEXI>
     <SHLPORIGIN>F</SHLPORIGIN>
     <COMPTYPE>E</COMPTYPE>
    </DD03P>
    <DD03P>
     <TABNAME>ZTELEM_CONFIG</TABNAME>
     <FIELDNAME>CALLING_PROGNAME</FIELDNAME>
     <POSITION>0017</POSITION>
     <ROLLNAME>Z_TELEM_PROGNAME</ROLLNAME>
     <ADMINFIELD>0</ADMINFIELD>
     <COMPTYPE>E</COMPTYPE>
    </DD03P>
    <DD03P>
     <TABNAME>ZTELEM_CONFIG</TABNAME>
     <FIELDNAME>CALLING_EVENT</FIELDNAME>
     <POSITION>0018</POSITION>
     <ROLLNAME>Z_TELEM_EVENT</ROLLNAME>
     <ADMINFIELD>0</ADMINFIELD>
     <COMPTYPE>E</COMPTYPE>
    </DD03P>
    <DD03P>
     <TABNAME>ZTELEM_CONFIG</TABNAME>
     <FIELDNAME>ACTIVE</FIELDNAME>
     <POSITION>0019</POSITION>
     <ROLLNAME>Z_TELEM_ACTIVE</ROLLNAME>
     <ADMINFIELD>0</ADMINFIELD>
     <VALEXI>X</VALEXI>
     <SHLPORIGIN>F</SHLPORIGIN>
     <COMPTYPE>E</COMPTYPE>
    </DD03P>
    <DD03P>
     <TABNAME>ZTELEM_CONFIG</TABNAME>
     <FIELDNAME>ONBOARD_ID</FIELDNAME>
     <POSITION>0020</POSITION>
     <ROLLNAME>Z_TELEM_ONBOARD_ID</ROLLNAME>
     <ADMINFIELD>0</ADMINFIELD>
     <COMPTYPE>E</COMPTYPE>
    </DD03P>
   </DD03P_TABLE>
   <DD12V>
    <DD12V>
     <SQLTAB>ZTELEM_CONFIG</SQLTAB>
     <INDEXNAME>Z1</INDEXNAME>
     <AS4LOCAL>A</AS4LOCAL>
     <DDLANGUAGE>E</DDLANGUAGE>
     <DBINDEX>ZTELEM_CONFIG~Z1</DBINDEX>
     <DDTEXT>Index for Program and Module access from telemetry API</DDTEXT>
    </DD12V>
   </DD12V>
   <DD17V>
    <DD17V>
     <SQLTAB>ZTELEM_CONFIG</SQLTAB>
     <INDEXNAME>Z1</INDEXNAME>
     <POSITION>0001</POSITION>
     <AS4LOCAL>A</AS4LOCAL>
     <FIELDNAME>CALLING_PROGNAME</FIELDNAME>
    </DD17V>
    <DD17V>
     <SQLTAB>ZTELEM_CONFIG</SQLTAB>
     <INDEXNAME>Z1</INDEXNAME>
     <POSITION>0002</POSITION>
     <AS4LOCAL>A</AS4LOCAL>
     <FIELDNAME>CALLING_EVENT</FIELDNAME>
    </DD17V>
   </DD17V>
  </asx:values>
 </asx:abap>
</abapGit>
