﻿<?xml version="1.0" encoding="utf-8"?>
<abapGit version="v1.0.0" serializer="LCL_OBJECT_SOTS" serializer_version="v1.0.0">
 <asx:abap xmlns:asx="http://www.sap.com/abapxml" version="1.0">
  <asx:values>
   <SOTS>
    <item>
     <HEADER>
      <CONCEPT>000D3A00496E1ED88EBC7AC3E657E0E4</CONCEPT>
      <CREA_LAN>E</CREA_LAN>
      <TRALA_TYPE>1</TRALA_TYPE>
      <OBJID_VEC>CA==</OBJID_VEC>
     </HEADER>
     <ENTRIES>
      <SOTR_TEXTL>
       <CONCEPT>000D3A00496E1ED88EBC7AC3E657E0E4</CONCEPT>
       <LANGU>E</LANGU>
       <LFD_NUM>0001</LFD_NUM>
       <FLAG_CNTXT>X</FLAG_CNTXT>
       <STATUS>R</STATUS>
      </SOTR_TEXTL>
     </ENTRIES>
    </item>
   </SOTS>
  </asx:values>
 </asx:abap>
</abapGit>
