﻿<?xml version="1.0" encoding="utf-8"?>
<abapGit version="v1.0.0" serializer="LCL_OBJECT_TABL" serializer_version="v1.0.0">
 <asx:abap xmlns:asx="http://www.sap.com/abapxml" version="1.0">
  <asx:values>
   <DD02V>
    <TABNAME>ZTELEM_APPSTANDARD_PROPS</TABNAME>
    <DDLANGUAGE>E</DDLANGUAGE>
    <TABCLASS>INTTAB</TABCLASS>
    <DDTEXT>System Standard Fields for Telemetry Hub Calls</DDTEXT>
    <EXCLASS>1</EXCLASS>
   </DD02V>
   <DD03P_TABLE>
    <DD03P>
     <TABNAME>ZTELEM_APPSTANDARD_PROPS</TABNAME>
     <FIELDNAME>EVENT_TYPE</FIELDNAME>
     <DDLANGUAGE>E</DDLANGUAGE>
     <POSITION>0001</POSITION>
     <ADMINFIELD>0</ADMINFIELD>
     <INTTYPE>N</INTTYPE>
     <INTLEN>000002</INTLEN>
     <DATATYPE>NUMC</DATATYPE>
     <LENG>000001</LENG>
     <MASK>  NUMC</MASK>
     <DDTEXT>Event Hub: EventType</DDTEXT>
    </DD03P>
    <DD03P>
     <TABNAME>ZTELEM_APPSTANDARD_PROPS</TABNAME>
     <FIELDNAME>BUSINESS_PROCESSNAME</FIELDNAME>
     <DDLANGUAGE>E</DDLANGUAGE>
     <POSITION>0002</POSITION>
     <ADMINFIELD>0</ADMINFIELD>
     <INTTYPE>g</INTTYPE>
     <INTLEN>000008</INTLEN>
     <DATATYPE>STRG</DATATYPE>
     <MASK>  STRG</MASK>
     <DDTEXT>Event Hub: BusinessProcessName</DDTEXT>
    </DD03P>
    <DD03P>
     <TABNAME>ZTELEM_APPSTANDARD_PROPS</TABNAME>
     <FIELDNAME>XCV</FIELDNAME>
     <DDLANGUAGE>E</DDLANGUAGE>
     <POSITION>0003</POSITION>
     <ADMINFIELD>0</ADMINFIELD>
     <INTTYPE>g</INTTYPE>
     <INTLEN>000008</INTLEN>
     <DATATYPE>STRG</DATATYPE>
     <MASK>  STRG</MASK>
     <DDTEXT>Event Hub: XCV</DDTEXT>
    </DD03P>
    <DD03P>
     <TABNAME>ZTELEM_APPSTANDARD_PROPS</TABNAME>
     <FIELDNAME>TARGET_ENTITY_KEY</FIELDNAME>
     <DDLANGUAGE>E</DDLANGUAGE>
     <POSITION>0004</POSITION>
     <ADMINFIELD>0</ADMINFIELD>
     <INTTYPE>g</INTTYPE>
     <INTLEN>000008</INTLEN>
     <DATATYPE>STRG</DATATYPE>
     <MASK>  STRG</MASK>
     <DDTEXT>Event Hub: TargetEntityKey</DDTEXT>
    </DD03P>
    <DD03P>
     <TABNAME>ZTELEM_APPSTANDARD_PROPS</TABNAME>
     <FIELDNAME>CAPABILITY</FIELDNAME>
     <DDLANGUAGE>E</DDLANGUAGE>
     <POSITION>0005</POSITION>
     <ADMINFIELD>0</ADMINFIELD>
     <INTTYPE>g</INTTYPE>
     <INTLEN>000008</INTLEN>
     <DATATYPE>STRG</DATATYPE>
     <MASK>  STRG</MASK>
     <DDTEXT>Event Hub: Capability</DDTEXT>
    </DD03P>
    <DD03P>
     <TABNAME>ZTELEM_APPSTANDARD_PROPS</TABNAME>
     <FIELDNAME>COMPONENT_NAME</FIELDNAME>
     <DDLANGUAGE>E</DDLANGUAGE>
     <POSITION>0006</POSITION>
     <ADMINFIELD>0</ADMINFIELD>
     <INTTYPE>g</INTTYPE>
     <INTLEN>000008</INTLEN>
     <DATATYPE>STRG</DATATYPE>
     <MASK>  STRG</MASK>
     <DDTEXT>Event Hub: ComponentName</DDTEXT>
    </DD03P>
   </DD03P_TABLE>
  </asx:values>
 </asx:abap>
</abapGit>
