﻿<?xml version="1.0" encoding="utf-8"?>
<abapGit version="v1.0.0" serializer="LCL_OBJECT_TABL" serializer_version="v1.0.0">
 <asx:abap xmlns:asx="http://www.sap.com/abapxml" version="1.0">
  <asx:values>
   <DD02V>
    <TABNAME>ZTELEM_APPSTANDARD_HEAD</TABNAME>
    <DDLANGUAGE>E</DDLANGUAGE>
    <TABCLASS>INTTAB</TABCLASS>
    <DDTEXT>Application Standard Fields for Telemetry Hub Calls</DDTEXT>
    <EXCLASS>1</EXCLASS>
   </DD02V>
   <DD03P_TABLE>
    <DD03P>
     <TABNAME>ZTELEM_APPSTANDARD_HEAD</TABNAME>
     <FIELDNAME>EVENT_NAME</FIELDNAME>
     <POSITION>0001</POSITION>
     <ROLLNAME>SLDSTRING</ROLLNAME>
     <ADMINFIELD>0</ADMINFIELD>
     <COMPTYPE>E</COMPTYPE>
    </DD03P>
    <DD03P>
     <TABNAME>ZTELEM_APPSTANDARD_HEAD</TABNAME>
     <FIELDNAME>SAP_COMPONENT_TYPE</FIELDNAME>
     <DDLANGUAGE>E</DDLANGUAGE>
     <POSITION>0002</POSITION>
     <ADMINFIELD>0</ADMINFIELD>
     <INTTYPE>N</INTTYPE>
     <INTLEN>000004</INTLEN>
     <DATATYPE>NUMC</DATATYPE>
     <LENG>000002</LENG>
     <MASK>  NUMC</MASK>
     <DDTEXT>Event Hub: SAP ComponentType</DDTEXT>
    </DD03P>
   </DD03P_TABLE>
  </asx:values>
 </asx:abap>
</abapGit>
